date,Unnamed: 0,index,Date_reported,Country,New_cases,Cumulative_cases,New_deaths,Cumulative_deaths,Case_pct_change,Mortality_rate
2020-02-01,117767,117767,2020-02-01,United Kingdom,2,2,0,0,inf,0.0
2020-02-07,117773,117773,2020-02-07,United Kingdom,1,3,0,0,inf,0.0
2020-02-10,117776,117776,2020-02-10,United Kingdom,4,7,0,0,inf,0.0
2020-02-11,117777,117777,2020-02-11,United Kingdom,1,8,0,0,-0.75,0.0
2020-02-13,117779,117779,2020-02-13,United Kingdom,1,9,0,0,inf,0.0
2020-02-23,117789,117789,2020-02-23,United Kingdom,1,10,0,0,inf,0.0
2020-02-25,117791,117791,2020-02-25,United Kingdom,1,11,0,0,inf,0.0
2020-02-26,117792,117792,2020-02-26,United Kingdom,2,13,0,0,1.0,0.0
2020-02-27,117793,117793,2020-02-27,United Kingdom,5,18,0,0,1.5,0.0
2020-02-28,117794,117794,2020-02-28,United Kingdom,4,22,0,0,-0.19999999999999996,0.0
2020-02-29,117795,117795,2020-02-29,United Kingdom,8,30,0,0,1.0,0.0
2020-03-01,117796,117796,2020-03-01,United Kingdom,12,42,0,0,0.5,0.0
2020-03-02,117797,117797,2020-03-02,United Kingdom,5,47,0,0,-0.5833333333333333,0.0
2020-03-03,117798,117798,2020-03-03,United Kingdom,22,69,0,0,3.4000000000000004,0.0
2020-03-04,117799,117799,2020-03-04,United Kingdom,39,108,0,0,0.7727272727272727,0.0
2020-03-05,117800,117800,2020-03-05,United Kingdom,56,164,0,0,0.4358974358974359,0.0
2020-03-06,117801,117801,2020-03-06,United Kingdom,56,220,0,0,0.0,0.0
2020-03-07,117802,117802,2020-03-07,United Kingdom,50,270,1,1,-0.1071428571428571,0.3703703703703704
2020-03-08,117803,117803,2020-03-08,United Kingdom,81,351,1,2,0.6200000000000001,0.5698005698005698
2020-03-09,117804,117804,2020-03-09,United Kingdom,68,419,0,2,-0.16049382716049387,0.47732696897374705
2020-03-10,117805,117805,2020-03-10,United Kingdom,57,476,1,3,-0.16176470588235292,0.6302521008403361
2020-03-11,117806,117806,2020-03-11,United Kingdom,147,623,4,7,1.5789473684210527,1.1235955056179776
2020-03-12,117807,117807,2020-03-12,United Kingdom,265,888,0,7,0.8027210884353742,0.7882882882882882
2020-03-13,117808,117808,2020-03-13,United Kingdom,405,1293,2,9,0.5283018867924529,0.6960556844547563
2020-03-14,117809,117809,2020-03-14,United Kingdom,481,1774,1,10,0.18765432098765422,0.5636978579481398
2020-03-15,117810,117810,2020-03-15,United Kingdom,479,2253,19,29,-0.004158004158004158,1.2871726586773191
2020-03-16,117811,117811,2020-03-16,United Kingdom,363,2616,14,43,-0.24217118997912312,1.6437308868501528
2020-03-17,117812,117812,2020-03-17,United Kingdom,442,3058,22,65,0.21763085399449045,2.1255722694571615
2020-03-18,117813,117813,2020-03-18,United Kingdom,610,3668,17,82,0.38009049773755654,2.2355507088331517
2020-03-19,117814,117814,2020-03-19,United Kingdom,770,4438,34,116,0.2622950819672132,2.6137899954934656
2020-03-20,117815,117815,2020-03-20,United Kingdom,1002,5440,46,162,0.3012987012987014,2.977941176470588
2020-03-21,117816,117816,2020-03-21,United Kingdom,1048,6488,32,194,0.045908183632734634,2.990135635018496
2020-03-22,117817,117817,2020-03-22,United Kingdom,1263,7751,58,252,0.20515267175572527,3.2511933944007225
2020-03-23,117818,117818,2020-03-23,United Kingdom,1190,8941,36,288,-0.05779889152810769,3.2211162062409127
2020-03-24,117819,117819,2020-03-24,United Kingdom,1375,10316,76,364,0.15546218487394947,3.528499418379217
2020-03-25,117820,117820,2020-03-25,United Kingdom,2325,12641,148,512,0.6909090909090909,4.050312475278854
2020-03-26,117821,117821,2020-03-26,United Kingdom,2376,15017,191,703,0.021935483870967776,4.681361124059399
2020-03-27,117822,117822,2020-03-27,United Kingdom,2690,17707,181,884,0.13215488215488214,4.992375896538092
2020-03-28,117823,117823,2020-03-28,United Kingdom,3086,20793,288,1172,0.14721189591078065,5.636512287789159
2020-03-29,117824,117824,2020-03-29,United Kingdom,3186,23979,292,1464,0.032404406999351876,6.105342174402603
2020-03-30,117825,117825,2020-03-30,United Kingdom,2814,26793,212,1676,-0.1167608286252354,6.255365207330272
2020-03-31,117826,117826,2020-03-31,United Kingdom,2856,29649,374,2050,0.014925373134328401,6.914229822253702
2020-04-01,117827,117827,2020-04-01,United Kingdom,4262,33911,403,2453,0.49229691876750703,7.233641001444958
2020-04-02,117828,117828,2020-04-02,United Kingdom,4512,38423,672,3125,0.05865790708587526,8.133149415714545
2020-04-03,117829,117829,2020-04-03,United Kingdom,4935,43358,657,3782,0.09375,8.722727063056414
2020-04-04,117830,117830,2020-04-04,United Kingdom,4858,48216,736,4518,-0.015602836879432647,9.37033349925336
2020-04-05,117831,117831,2020-04-05,United Kingdom,4896,53112,756,5274,0.007822149032523651,9.929959331224582
2020-04-06,117832,117832,2020-04-06,United Kingdom,4003,57115,599,5873,-0.18239379084967322,10.282762846887858
2020-04-07,117833,117833,2020-04-07,United Kingdom,3585,60700,567,6440,-0.10442168373719707,10.609555189456344
2020-04-08,117834,117834,2020-04-08,United Kingdom,5263,65963,1105,7545,0.46806136680613664,11.43823052317208
2020-04-09,117835,117835,2020-04-09,United Kingdom,5433,71396,1030,8575,0.03230096902907098,12.0104767774105
2020-04-10,117836,117836,2020-04-10,United Kingdom,5119,76515,1116,9691,-0.05779495674581259,12.665490426713715
2020-04-11,117837,117837,2020-04-11,United Kingdom,4854,81369,1122,10813,-0.05176792342254344,13.288844645995404
2020-04-12,117838,117838,2020-04-12,United Kingdom,4308,85677,843,11656,-0.1124845488257108,13.604584660994199
2020-04-13,117839,117839,2020-04-13,United Kingdom,3559,89236,657,12313,-0.17386258124419685,13.798242861625354
2020-04-14,117840,117840,2020-04-14,United Kingdom,3479,92715,724,13037,-0.022478224220286558,14.061370867712883
2020-04-15,117841,117841,2020-04-15,United Kingdom,4167,96882,1076,14113,0.1977579764300086,14.567205466443713
2020-04-16,117842,117842,2020-04-16,United Kingdom,4294,101176,880,14993,0.03047756179505634,14.818731715031234
2020-04-17,117843,117843,2020-04-17,United Kingdom,5042,106218,1036,16029,0.17419655333022832,15.090662599559396
2020-04-18,117844,117844,2020-04-18,United Kingdom,5274,111492,913,16942,0.04601348671162242,15.195709109173752
2020-04-19,117845,117845,2020-04-19,United Kingdom,4936,116428,1105,18047,-0.06408797876374672,15.500566873947847
2020-04-20,117846,117846,2020-04-20,United Kingdom,4699,121127,432,18479,-0.048014586709886564,15.255888447662372
2020-04-21,117847,117847,2020-04-21,United Kingdom,3852,124979,570,19049,-0.18025111725899123,15.24176061578345
2020-04-22,117848,117848,2020-04-22,United Kingdom,4844,129823,1224,20273,0.2575285565939771,15.61587700176394
2020-04-23,117849,117849,2020-04-23,United Kingdom,4767,134590,847,21120,-0.01589595375722541,15.692101939222825
2020-04-24,117850,117850,2020-04-24,United Kingdom,5492,140082,682,21802,0.1520872666247115,15.56374123727531
2020-04-25,117851,117851,2020-04-25,United Kingdom,5139,145221,1010,22812,-0.0642753095411508,15.708471915218874
2020-04-26,117852,117852,2020-04-26,United Kingdom,4948,150169,815,23627,-0.03716676396186025,15.733606803001951
2020-04-27,117853,117853,2020-04-27,United Kingdom,3746,153915,364,23991,-0.24292643492320132,15.58717473930416
2020-04-28,117854,117854,2020-04-28,United Kingdom,3471,157386,320,24311,-0.07341163908168713,15.446736050220478
2020-04-29,117855,117855,2020-04-29,United Kingdom,4697,162083,969,25280,0.3532123307404207,15.596947243079162
2020-04-30,117856,117856,2020-04-30,United Kingdom,4718,166801,769,26049,0.0044709388971684305,15.61681284884383
2020-05-01,117857,117857,2020-05-01,United Kingdom,5424,172225,634,26683,0.14963967782958876,15.493104949920165
2020-05-02,117858,117858,2020-05-02,United Kingdom,4960,177185,698,27381,-0.08554572271386429,15.453339729661089
2020-05-03,117859,117859,2020-05-03,United Kingdom,4730,181915,584,27965,-0.0463709677419355,15.37256410961163
2020-05-04,117860,117860,2020-05-04,United Kingdom,3227,185142,253,28218,-0.31775898520084567,15.241274265158635
2020-05-05,117861,117861,2020-05-05,United Kingdom,2980,188122,272,28490,-0.07654167957855595,15.144427552333061
2020-05-06,117862,117862,2020-05-06,United Kingdom,3384,191506,726,29216,0.13557046979865772,15.255918874604452
2020-05-07,117863,117863,2020-05-07,United Kingdom,3677,195183,647,29863,0.08658392434988182,15.3000005123397
2020-05-08,117864,117864,2020-05-08,United Kingdom,3822,199005,458,30321,0.0394343214577102,15.236300595462426
2020-05-09,117865,117865,2020-05-09,United Kingdom,3766,202771,579,30900,-0.0146520146520146,15.23886551824472
2020-05-10,117866,117866,2020-05-10,United Kingdom,3059,205830,275,31175,-0.18773234200743494,15.145994267113638
2020-05-11,117867,117867,2020-05-11,United Kingdom,2161,207991,217,31392,-0.29355998692383134,15.09296075310951
2020-05-12,117868,117868,2020-05-12,United Kingdom,2319,210310,187,31579,0.07311429893567789,15.01545337834625
2020-05-13,117869,117869,2020-05-13,United Kingdom,3574,213884,614,32193,0.5411815437688658,15.051616764227338
2020-05-14,117870,117870,2020-05-14,United Kingdom,3389,217273,447,32640,-0.051762730833799675,15.022575285470353
2020-05-15,117871,117871,2020-05-15,United Kingdom,3309,220582,352,32992,-0.0236057834169372,14.956796112103435
2020-05-16,117872,117872,2020-05-16,United Kingdom,2627,223209,350,33342,-0.20610456331217886,14.937569721651009
2020-05-17,117873,117873,2020-05-17,United Kingdom,2527,225736,411,33753,-0.038066235249333835,14.952422298614309
2020-05-18,117874,117874,2020-05-18,United Kingdom,2078,227814,67,33820,-0.1776810447170558,14.845444090354412
2020-05-19,117875,117875,2020-05-19,United Kingdom,1832,229646,146,33966,-0.11838306063522619,14.790590735305646
2020-05-20,117876,117876,2020-05-20,United Kingdom,2574,232220,500,34466,0.40502183406113534,14.841960210145553
2020-05-21,117877,117877,2020-05-21,United Kingdom,3051,235271,328,34794,0.18531468531468542,14.788903009720705
2020-05-22,117878,117878,2020-05-22,United Kingdom,2706,237977,273,35067,-0.11307767944936087,14.735457628258192
2020-05-23,117879,117879,2020-05-23,United Kingdom,2566,240543,291,35358,-0.05173688100517371,14.69924296279667
2020-05-24,117880,117880,2020-05-24,United Kingdom,2054,242597,220,35578,-0.19953234606391268,14.665474016578935
2020-05-25,117881,117881,2020-05-25,United Kingdom,1527,244124,379,35957,-0.25657254138266794,14.72899018531566
2020-05-26,117882,117882,2020-05-26,United Kingdom,1364,245488,104,36061,-0.10674525212835628,14.689516391839927
2020-05-27,117883,117883,2020-05-27,United Kingdom,1617,247105,131,36192,0.185483870967742,14.646405374233625
2020-05-28,117884,117884,2020-05-28,United Kingdom,1655,248760,422,36614,0.023500309214594894,14.718604277214986
2020-05-29,117885,117885,2020-05-29,United Kingdom,1826,250586,343,36957,0.10332326283987925,14.74823014853184
2020-05-30,117886,117886,2020-05-30,United Kingdom,1754,252340,274,37231,-0.03943044906900328,14.754299754299755
2020-05-31,117887,117887,2020-05-31,United Kingdom,1527,253867,154,37385,-0.12941847206385404,14.726214907806057
2020-06-01,117888,117888,2020-06-01,United Kingdom,1120,254987,60,37445,-0.266535690897184,14.685062375728958
2020-06-02,117889,117889,2020-06-02,United Kingdom,1082,256069,86,37531,-0.03392857142857142,14.656596464234251
2020-06-03,117890,117890,2020-06-03,United Kingdom,1440,257509,249,37780,0.3308687615526802,14.671331875779098
2020-06-04,117891,117891,2020-06-04,United Kingdom,1486,258995,254,38034,0.03194444444444455,14.685225583505474
2020-06-05,117892,117892,2020-06-05,United Kingdom,1362,260357,130,38164,-0.08344549125168232,14.658334517604674
2020-06-06,117893,117893,2020-06-06,United Kingdom,1254,261611,258,38422,-0.07929515418502198,14.686691308851692
2020-06-07,117894,117894,2020-06-07,United Kingdom,1124,262735,143,38565,-0.10366826156299835,14.67828800883019
2020-06-08,117895,117895,2020-06-08,United Kingdom,807,263542,54,38619,-0.2820284697508897,14.653831267881401
2020-06-09,117896,117896,2020-06-09,United Kingdom,721,264263,47,38666,-0.10656753407682773,14.631635908167242
2020-06-10,117897,117897,2020-06-10,United Kingdom,1099,265362,195,38861,0.5242718446601942,14.644523330393952
2020-06-11,117898,117898,2020-06-11,United Kingdom,1152,266514,164,39025,0.048225659690627865,14.642757978942944
2020-06-12,117899,117899,2020-06-12,United Kingdom,1190,267704,76,39101,0.03298611111111116,14.606057436571737
2020-06-13,117900,117900,2020-06-13,United Kingdom,1010,268714,131,39232,-0.1512605042016807,14.599909197138967
2020-06-14,117901,117901,2020-06-14,United Kingdom,1058,269772,107,39339,0.04752475247524757,14.582313954005604
2020-06-15,117902,117902,2020-06-15,United Kingdom,894,270666,27,39366,-0.15500945179584125,14.54412449291747
2020-06-16,117903,117903,2020-06-16,United Kingdom,818,271484,29,39395,-0.08501118568232657,14.510984072726202
2020-06-17,117904,117904,2020-06-17,United Kingdom,1044,272528,120,39515,0.2762836185819071,14.49942758175307
2020-06-18,117905,117905,2020-06-18,United Kingdom,1103,273631,110,39625,0.056513409961685745,14.481180860355735
2020-06-19,117906,117906,2020-06-19,United Kingdom,1012,274643,67,39692,-0.08250226654578419,14.452216149692509
2020-06-20,117907,117907,2020-06-20,United Kingdom,1028,275671,84,39776,0.015810276679841806,14.42879374326643
2020-06-21,117908,117908,2020-06-21,United Kingdom,995,276666,71,39847,-0.032101167315175094,14.402564825457413
2020-06-22,117909,117909,2020-06-22,United Kingdom,687,277353,31,39878,-0.3095477386934673,14.378066939964592
2020-06-23,117910,117910,2020-06-23,United Kingdom,637,277990,14,39892,-0.07278020378457062,14.350156480448936
2020-06-24,117911,117911,2020-06-24,United Kingdom,896,278886,94,39986,0.4065934065934067,14.337758080362587
2020-06-25,117912,117912,2020-06-25,United Kingdom,887,279773,87,40073,-0.010044642857142905,14.323397897581252
2020-06-26,117913,117913,2020-06-26,United Kingdom,778,280551,99,40172,-0.12288613303269447,14.318965179236573
2020-06-27,117914,117914,2020-06-27,United Kingdom,719,281270,77,40249,-0.0758354755784062,14.309737974188502
2020-06-28,117915,117915,2020-06-28,United Kingdom,671,281941,40,40289,-0.06675938803894299,14.289869157022213
2020-06-29,117916,117916,2020-06-29,United Kingdom,652,282593,31,40320,-0.028315946348733245,14.26786933858942
2020-06-30,117917,117917,2020-06-30,United Kingdom,446,283039,21,40341,-0.3159509202453987,14.25280615038917
2020-07-01,117918,117918,2020-07-01,United Kingdom,729,283768,53,40394,0.6345291479820627,14.234867920272897
2020-07-02,117919,117919,2020-07-02,United Kingdom,618,284386,97,40491,-0.15226337448559668,14.238042660327865
2020-07-03,117920,117920,2020-07-03,United Kingdom,660,285046,41,40532,0.06796116504854366,14.219459315338575
2020-07-04,117921,117921,2020-07-04,United Kingdom,607,285653,49,40581,-0.08030303030303032,14.206397272214891
2020-07-05,117922,117922,2020-07-05,United Kingdom,574,286227,32,40613,-0.054365733113673764,14.189087682154375
2020-07-06,117923,117923,2020-07-06,United Kingdom,401,286628,19,40632,-0.3013937282229965,14.175865581869182
2020-07-07,117924,117924,2020-07-07,United Kingdom,556,287184,11,40643,0.3865336658354115,14.1522508217728
2020-07-08,117925,117925,2020-07-08,United Kingdom,706,287890,54,40697,0.2697841726618706,14.136302059814513
2020-07-09,117926,117926,2020-07-09,United Kingdom,605,288495,57,40754,-0.14305949008498586,14.126414669231702
2020-07-10,117927,117927,2020-07-10,United Kingdom,702,289197,31,40785,0.16033057851239674,14.102843390491604
2020-07-11,117928,117928,2020-07-11,United Kingdom,718,289915,34,40819,0.02279202279202286,14.079644033596054
2020-07-12,117929,117929,2020-07-12,United Kingdom,564,290479,17,40836,-0.21448467966573814,14.058159109608612
2020-07-13,117930,117930,2020-07-13,United Kingdom,447,290926,9,40845,-0.20744680851063835,14.03965269518709
2020-07-14,117931,117931,2020-07-14,United Kingdom,370,291296,10,40855,-0.17225950782997768,14.02525266395694
2020-07-15,117932,117932,2020-07-15,United Kingdom,736,292032,44,40899,0.9891891891891893,14.004972057856675
2020-07-16,117933,117933,2020-07-16,United Kingdom,690,292722,26,40925,-0.0625,13.980841890940892
2020-07-17,117934,117934,2020-07-17,United Kingdom,774,293496,24,40949,0.12173913043478257,13.952149262681605
2020-07-18,117935,117935,2020-07-18,United Kingdom,706,294202,26,40975,-0.08785529715762275,13.927505591396388
2020-07-19,117936,117936,2020-07-19,United Kingdom,581,294783,9,40984,-0.1770538243626062,13.903108388204204
2020-07-20,117937,117937,2020-07-20,United Kingdom,498,295281,11,40995,-0.1428571428571429,13.883385656374776
2020-07-21,117938,117938,2020-07-21,United Kingdom,443,295724,10,41005,-0.11044176706827313,13.865969620321653
2020-07-22,117939,117939,2020-07-22,United Kingdom,813,296537,25,41030,0.835214446952596,13.83638466700614
2020-07-23,117940,117940,2020-07-23,United Kingdom,782,297319,17,41047,-0.03813038130381308,13.80571036496154
2020-07-24,117941,117941,2020-07-24,United Kingdom,797,298116,9,41056,0.019181585677749302,13.771820365226958
2020-07-25,117942,117942,2020-07-25,United Kingdom,798,298914,32,41088,0.0012547051442910462,13.745759649932756
2020-07-26,117943,117943,2020-07-26,United Kingdom,774,299688,15,41103,-0.03007518796992481,13.715263874429407
2020-07-27,117944,117944,2020-07-27,United Kingdom,523,300211,8,41111,-0.3242894056847545,13.694035195246009
2020-07-28,117945,117945,2020-07-28,United Kingdom,558,300769,3,41114,0.06692160611854692,13.669626856491194
2020-07-29,117946,117946,2020-07-29,United Kingdom,855,301624,21,41135,0.532258064516129,13.637840490146672
2020-07-30,117947,117947,2020-07-30,United Kingdom,841,302465,34,41169,-0.01637426900584793,13.611161622005852
2020-07-31,117948,117948,2020-07-31,United Kingdom,1038,303503,0,41169,0.23424494649227112,13.564610563981248
2020-08-01,117949,117949,2020-08-01,United Kingdom,925,304428,20,41189,-0.10886319845857417,13.529964392237245
2020-08-02,117950,117950,2020-08-02,United Kingdom,677,305105,13,41202,-0.26810810810810815,13.504203470936234
2020-08-03,117951,117951,2020-08-03,United Kingdom,543,305648,5,41207,-0.19793205317577545,13.481848400774748
2020-08-04,117952,117952,2020-08-04,United Kingdom,555,306203,1,41208,0.022099447513812098,13.45773882032508
2020-08-05,117953,117953,2020-08-05,United Kingdom,1040,307243,18,41226,0.8738738738738738,13.41804369831046
2020-08-06,117954,117954,2020-08-06,United Kingdom,1018,308261,14,41240,-0.02115384615384619,13.378273605808067
2020-08-07,117955,117955,2020-08-07,United Kingdom,1059,309320,18,41258,0.04027504911591362,13.338290443553602
2020-08-08,117956,117956,2020-08-08,United Kingdom,1083,310403,12,41270,0.022662889518413554,13.29561892120888
2020-08-09,117957,117957,2020-08-09,United Kingdom,944,311347,3,41273,-0.1283471837488458,13.25627033502812
2020-08-10,117958,117958,2020-08-10,United Kingdom,694,312041,5,41278,-0.26483050847457623,13.228389859024936
2020-08-11,117959,117959,2020-08-11,United Kingdom,615,312656,18,41296,-0.1138328530259366,13.208126503249579
2020-08-12,117960,117960,2020-08-12,United Kingdom,1473,314129,13,41309,1.395121951219512,13.15032995998459
2020-08-13,117961,117961,2020-08-13,United Kingdom,1339,315468,20,41329,-0.09097080787508482,13.100853335362064
2020-08-14,117962,117962,2020-08-14,United Kingdom,1207,316675,18,41347,-0.09858103061986556,13.056603773584904
2020-08-15,117963,117963,2020-08-15,United Kingdom,1147,317822,11,41358,-0.049710024855012414,13.012944352499197
2020-08-16,117964,117964,2020-08-16,United Kingdom,1162,318984,3,41361,0.013077593722754965,12.966481077420811
2020-08-17,117965,117965,2020-08-17,United Kingdom,694,319678,5,41366,-0.4027538726333907,12.939895770118682
2020-08-18,117966,117966,2020-08-18,United Kingdom,601,320279,3,41369,-0.13400576368876083,12.916550882199582
2020-08-19,117967,117967,2020-08-19,United Kingdom,1283,321562,12,41381,1.1347753743760398,12.868746929052563
2020-08-20,117968,117968,2020-08-20,United Kingdom,1084,322646,16,41397,-0.1551052221356196,12.830470546667245
2020-08-21,117969,117969,2020-08-21,United Kingdom,1243,323889,6,41403,0.14667896678966796,12.783083093281958
2020-08-22,117970,117970,2020-08-22,United Kingdom,1462,325351,2,41405,0.17618664521319394,12.726255643904583
2020-08-23,117971,117971,2020-08-23,United Kingdom,1199,326550,18,41423,-0.17989056087551303,12.685040575715817
2020-08-24,117972,117972,2020-08-24,United Kingdom,828,327378,6,41429,-0.3094245204336947,12.654790486837845
2020-08-25,117973,117973,2020-08-25,United Kingdom,827,328205,4,41433,-0.0012077294685990392,12.624122118797704
2020-08-26,117974,117974,2020-08-26,United Kingdom,1273,329478,16,41449,0.5392986698911728,12.58020262354391
2020-08-27,117975,117975,2020-08-27,United Kingdom,1247,330725,16,41465,-0.0204241948153967,12.537606772998716
2020-08-28,117976,117976,2020-08-28,United Kingdom,1351,332076,12,41477,0.08340016038492393,12.490213083751913
2020-08-29,117977,117977,2020-08-29,United Kingdom,1549,333625,9,41486,0.14655810510732792,12.4349194454852
2020-08-30,117978,117978,2020-08-30,United Kingdom,1625,335250,12,41498,0.04906391220142026,12.378225205070843
2020-08-31,117979,117979,2020-08-31,United Kingdom,1222,336472,1,41499,-0.248,12.33356713188616
2020-09-01,117980,117980,2020-09-01,United Kingdom,1159,337631,2,41501,-0.051554828150572884,12.291821544822602
2020-09-02,117981,117981,2020-09-02,United Kingdom,1502,339133,3,41504,0.2959447799827437,12.238266402856695
2020-09-03,117982,117982,2020-09-03,United Kingdom,2249,341382,10,41514,0.49733688415446076,12.160570856108405
2020-09-04,117983,117983,2020-09-04,United Kingdom,2993,344375,13,41527,0.3308136949755447,12.058656987295825
2020-09-05,117984,117984,2020-09-05,United Kingdom,3098,347473,10,41537,0.035081857667891736,11.95402232691461
2020-09-06,117985,117985,2020-09-06,United Kingdom,3039,350512,12,41549,-0.0190445448676565,11.853802437577029
2020-09-07,117986,117986,2020-09-07,United Kingdom,2545,353057,2,41551,-0.16255347153668975,11.768921165704121
2020-09-08,117987,117987,2020-09-08,United Kingdom,2447,355504,3,41554,-0.038506876227897835,11.688757369818624
2020-09-09,117988,117988,2020-09-09,United Kingdom,3860,359364,32,41586,0.5774417654270536,11.572110728954486
2020-09-10,117989,117989,2020-09-10,United Kingdom,3301,362665,8,41594,-0.14481865284974094,11.46898653026898
2020-09-11,117990,117990,2020-09-11,United Kingdom,3331,365996,14,41608,0.009088155104513884,11.368430256068372
2020-09-12,117991,117991,2020-09-12,United Kingdom,3597,369593,6,41614,0.0798558991293905,11.259412380645738
2020-09-13,117992,117992,2020-09-13,United Kingdom,3288,372881,9,41623,-0.08590492076730605,11.162542473335996
2020-09-14,117993,117993,2020-09-14,United Kingdom,2668,375549,5,41628,-0.18856447688564482,11.084572186319228
2020-09-15,117994,117994,2020-09-15,United Kingdom,2141,377690,9,41637,-0.19752623688155924,11.024120310307396
2020-09-16,117995,117995,2020-09-16,United Kingdom,3392,381082,27,41664,0.5843063988790285,10.933080019523358
2020-09-17,117996,117996,2020-09-17,United Kingdom,3549,384631,20,41684,0.04628537735849059,10.837400001559937
2020-09-18,117997,117997,2020-09-18,United Kingdom,4363,388994,21,41705,0.22936038320653696,10.721245057764389
2020-09-19,117998,117998,2020-09-19,United Kingdom,4632,393626,27,41732,0.06165482466192995,10.601941944891852
2020-09-20,117999,117999,2020-09-20,United Kingdom,4958,398584,27,41759,0.07037996545768577,10.476838006543163
2020-09-21,118000,118000,2020-09-21,United Kingdom,4853,403437,18,41777,-0.021177894312222723,10.355272322568332
2020-09-22,118001,118001,2020-09-22,United Kingdom,5321,408758,11,41788,0.09643519472491247,10.223163827986241
2020-09-23,118002,118002,2020-09-23,United Kingdom,5601,414359,37,41825,0.052621687652696814,10.093904078347519
2020-09-24,118003,118003,2020-09-24,United Kingdom,6405,420764,37,41862,0.14354579539367962,9.949045070395757
2020-09-25,118004,118004,2020-09-25,United Kingdom,7061,427825,40,41902,0.10241998438719757,9.79419155028341
2020-09-26,118005,118005,2020-09-26,United Kingdom,7607,435432,34,41936,0.07732615776802154,9.630895294787704
2020-09-27,118006,118006,2020-09-27,United Kingdom,7241,442673,35,41971,-0.048113579597738876,9.481264951781563
2020-09-28,118007,118007,2020-09-28,United Kingdom,6758,449431,17,41988,-0.0667034939925425,9.342479713237404
2020-09-29,118008,118008,2020-09-29,United Kingdom,6971,456402,13,42001,0.03151820065108013,9.202632766727579
2020-09-30,118009,118009,2020-09-30,United Kingdom,9926,466328,71,42072,0.4238990101850524,9.021975948259595
2020-10-01,118010,118010,2020-10-01,United Kingdom,10239,476567,71,42143,0.031533346766069004,8.843037810003631
2020-10-02,118011,118011,2020-10-02,United Kingdom,12559,489126,59,42202,0.22658462740502006,8.628042672031338
2020-10-03,118012,118012,2020-10-03,United Kingdom,13183,502309,66,42268,0.049685484513098066,8.414740727321231
2020-10-04,118013,118013,2020-10-04,United Kingdom,13693,516002,49,42317,0.03868618675567026,8.200937205669746
2020-10-05,118014,118014,2020-10-05,United Kingdom,11544,527546,33,42350,-0.15694150295771558,8.027735969943853
2020-10-06,118015,118015,2020-10-06,United Kingdom,11807,539353,19,42369,0.022782397782397767,7.855523191675952
2020-10-07,118016,118016,2020-10-07,United Kingdom,16549,555902,76,42445,0.40162615397645474,7.635338602847265
2020-10-08,118017,118017,2020-10-08,United Kingdom,17067,572969,70,42515,0.031300984953773536,7.4201222055643505
2020-10-09,118018,118018,2020-10-09,United Kingdom,18330,591299,77,42592,0.07400246088943585,7.203123969430017
2020-10-10,118019,118019,2020-10-10,United Kingdom,18248,609547,87,42679,-0.004473540643753382,7.001757042525022
2020-10-11,118020,118020,2020-10-11,United Kingdom,15730,625277,81,42760,-0.13798772468215692,6.838569146154424
2020-10-12,118021,118021,2020-10-12,United Kingdom,12516,637793,65,42825,-0.2043229497774952,6.714560993927497
2020-10-13,118022,118022,2020-10-13,United Kingdom,12070,649863,50,42875,-0.035634387983381255,6.597544405513162
2020-10-14,118023,118023,2020-10-14,United Kingdom,19446,669309,143,43018,0.6111019055509528,6.427225690973826
2020-10-15,118024,118024,2020-10-15,United Kingdom,18900,688209,137,43155,-0.02807775377969768,6.270624185385544
2020-10-16,118025,118025,2020-10-16,United Kingdom,19699,707908,138,43293,0.04227513227513224,6.115625194234279
2020-10-17,118026,118026,2020-10-17,United Kingdom,18438,726346,136,43429,-0.0640134016955175,5.9791063763
2020-10-18,118027,118027,2020-10-18,United Kingdom,17720,744066,150,43579,-0.038941316845644836,5.856872911811586
2020-10-19,118028,118028,2020-10-19,United Kingdom,14765,758831,67,43646,-0.16676072234762984,5.751741823937082
2020-10-20,118029,118029,2020-10-20,United Kingdom,14191,773022,80,43726,-0.03887571960717917,5.656501367360826
2020-10-21,118030,118030,2020-10-21,United Kingdom,25609,798631,241,43967,0.8045944612782749,5.505295937673344
2020-10-22,118031,118031,2020-10-22,United Kingdom,25325,823956,191,44158,-0.011089851224179048,5.35926675696275
2020-10-23,118032,118032,2020-10-23,United Kingdom,25447,849403,189,44347,0.004817374136228958,5.220961075013863
2020-10-24,118033,118033,2020-10-24,United Kingdom,23251,872654,224,44571,-0.08629700947066454,5.107522569082362
2020-10-25,118034,118034,2020-10-25,United Kingdom,21478,894132,174,44745,-0.07625478474044123,5.004294667901384
2020-10-26,118035,118035,2020-10-26,United Kingdom,16237,910369,151,44896,-0.24401713381134182,4.931626626126329
2020-10-27,118036,118036,2020-10-27,United Kingdom,15727,926096,102,44998,-0.03140974317915868,4.858891518805826
2020-10-28,118037,118037,2020-10-28,United Kingdom,26553,952649,367,45365,0.6883703185604375,4.761984739395098
2020-10-29,118038,118038,2020-10-29,United Kingdom,24096,976745,310,45675,-0.09253191729748056,4.676246103128247
2020-10-30,118039,118039,2020-10-30,United Kingdom,23618,1000363,280,45955,-0.01983731739707839,4.593832438824707
2020-10-31,118040,118040,2020-10-31,United Kingdom,23350,1023713,274,46229,-0.011347277500211694,4.515816444648061
2020-11-01,118041,118041,2020-11-01,United Kingdom,22683,1046396,326,46555,-0.028565310492505325,4.449080462845806
2020-11-02,118042,118042,2020-11-02,United Kingdom,16490,1062886,162,46717,-0.27302385046069744,4.39529733198104
2020-11-03,118043,118043,2020-11-03,United Kingdom,15757,1078643,136,46853,-0.04445118253486957,4.343698517489105
2020-11-04,118044,118044,2020-11-04,United Kingdom,31510,1110153,397,47250,0.999746144570667,4.256170095473326
2020-11-05,118045,118045,2020-11-05,United Kingdom,25586,1135739,492,47742,-0.18800380831482066,4.203606638497049
2020-11-06,118046,118046,2020-11-06,United Kingdom,23683,1159422,378,48120,-0.07437661220980218,4.150343878242779
2020-11-07,118047,118047,2020-11-07,United Kingdom,23748,1183170,355,48475,0.0027445847232192566,4.097044380773685
2020-11-08,118048,118048,2020-11-08,United Kingdom,23330,1206500,413,48888,-0.01760148223008251,4.052051388313303
2020-11-09,118049,118049,2020-11-09,United Kingdom,18525,1225025,156,49044,-0.20595799399914272,4.0035101324462765
2020-11-10,118050,118050,2020-11-10,United Kingdom,19959,1244984,194,49238,0.07740890688259117,3.9549102639070064
2020-11-11,118051,118051,2020-11-11,United Kingdom,31051,1276035,532,49770,0.5557392654942632,3.9003632345507766
2020-11-12,118052,118052,2020-11-12,United Kingdom,27427,1303462,595,50365,-0.11671121703004739,3.863940797660385
2020-11-13,118053,118053,2020-11-13,United Kingdom,27363,1330825,563,50928,-0.00233346702154813,3.8267991659309075
2020-11-14,118054,118054,2020-11-14,United Kingdom,24470,1355295,376,51304,-0.10572671125242117,3.7854489244039122
2020-11-15,118055,118055,2020-11-15,United Kingdom,24044,1379339,462,51766,-0.017409072333469555,3.7529570323176538
2020-11-16,118056,118056,2020-11-16,United Kingdom,18002,1397341,168,51934,-0.2512893029446016,3.7166303715413775
2020-11-17,118057,118057,2020-11-17,United Kingdom,16029,1413370,213,52147,-0.10959893345183869,3.6895505069443955
2020-11-18,118058,118058,2020-11-18,United Kingdom,26581,1439951,598,52745,0.6583068188907606,3.662971865014851
2020-11-19,118059,118059,2020-11-19,United Kingdom,23167,1463118,529,53274,-0.12843760580866037,3.6411280566570845
2020-11-20,118060,118060,2020-11-20,United Kingdom,20760,1483878,501,53775,-0.10389778564337204,3.6239502169315805
2020-11-21,118061,118061,2020-11-21,United Kingdom,17760,1501638,511,54286,-0.1445086705202312,3.615118956765878
2020-11-22,118062,118062,2020-11-22,United Kingdom,16851,1518489,340,54626,-0.05118243243243248,3.5973918810080283
2020-11-23,118063,118063,2020-11-23,United Kingdom,12354,1530843,125,54751,-0.26686843510770875,3.576526136253032
2020-11-24,118064,118064,2020-11-24,United Kingdom,11738,1542581,479,55230,-0.04986239274728832,3.5803630409035248
2020-11-25,118065,118065,2020-11-25,United Kingdom,18777,1561358,608,55838,0.5996762651218266,3.5762458065350806
2020-11-26,118066,118066,2020-11-26,United Kingdom,16453,1577811,695,56533,-0.12376844011290411,3.583002019887046
2020-11-27,118067,118067,2020-11-27,United Kingdom,16620,1594431,498,57031,0.010150124597337884,3.576887303370293
2020-11-28,118068,118068,2020-11-28,United Kingdom,14582,1609013,520,57551,-0.12262334536702768,3.576789000461774
2020-11-29,118069,118069,2020-11-29,United Kingdom,14367,1623380,479,58030,-0.014744205184474057,3.5746405647476256
2020-11-30,118070,118070,2020-11-30,United Kingdom,10968,1634348,215,58245,-0.23658383796199622,3.5638064842983255
2020-12-01,118071,118071,2020-12-01,United Kingdom,10679,1645027,203,58448,-0.026349380014587864,3.553011591907002
2020-12-02,118072,118072,2020-12-02,United Kingdom,18018,1663045,603,59051,0.687236632643506,3.550775835891392
2020-12-03,118073,118073,2020-12-03,United Kingdom,16458,1679503,648,59699,-0.08658008658008653,3.5545634631197442
2020-12-04,118074,118074,2020-12-04,United Kingdom,16468,1695971,414,60113,0.0006076072426783874,3.544459191814011
2020-12-05,118075,118075,2020-12-05,United Kingdom,15635,1711606,504,60617,-0.050582948749089196,3.5415276646611424
2020-12-06,118076,118076,2020-12-06,United Kingdom,15664,1727270,397,61014,0.0018548129197313301,3.532395051150081
2020-12-07,118077,118077,2020-12-07,United Kingdom,12738,1740008,231,61245,-0.1867977528089888,3.519811403165962
2020-12-08,118078,118078,2020-12-08,United Kingdom,13582,1753590,189,61434,0.06625843931543418,3.503327459668452
2020-12-09,118079,118079,2020-12-09,United Kingdom,21330,1774920,599,62033,0.5704609041378295,3.494974421382372
2020-12-10,118080,118080,2020-12-10,United Kingdom,20785,1795705,533,62566,-0.025550867323019255,3.484202583386469
2020-12-11,118081,118081,2020-12-11,United Kingdom,21608,1817313,516,63082,0.03959586240076973,3.4711686979623213
2020-12-12,118082,118082,2020-12-12,United Kingdom,22606,1839919,424,63506,0.046186597556460596,3.451564987371727
2020-12-13,118083,118083,2020-12-13,United Kingdom,24073,1863992,520,64026,0.06489427585596741,3.4348859866351362
2020-12-14,118084,118084,2020-12-14,United Kingdom,19357,1883349,144,64170,-0.19590412495326714,3.407228293853131
2020-12-15,118085,118085,2020-12-15,United Kingdom,21985,1905334,232,64402,0.13576483959291208,3.3800897900315636
2020-12-16,118086,118086,2020-12-16,United Kingdom,34724,1940058,506,64908,0.5794405276324768,3.345673170595931
2020-12-17,118087,118087,2020-12-17,United Kingdom,33854,1973912,612,65520,-0.025054717198479404,3.3192969088794233
2020-12-18,118088,118088,2020-12-18,United Kingdom,34933,2008845,532,66052,0.031872156909080074,3.2880585610139157
2020-12-19,118089,118089,2020-12-19,United Kingdom,33886,2042731,489,66541,-0.02997166003492402,3.257452890272875
2020-12-20,118090,118090,2020-12-20,United Kingdom,35827,2078558,534,67075,0.057280292746267,3.2269967929689716
2020-12-21,118091,118091,2020-12-21,United Kingdom,25145,2103703,326,67401,-0.2981550227482067,3.203921846382308
2020-12-22,118092,118092,2020-12-22,United Kingdom,32466,2136169,215,67616,0.29115132233048313,3.165292633682073
2020-12-23,118093,118093,2020-12-23,United Kingdom,47377,2183546,691,68307,0.4592804780385633,3.128260178626876
2020-12-24,118094,118094,2020-12-24,United Kingdom,45662,2229208,744,69051,-0.036198999514532315,3.0975575181858312
2020-12-25,118095,118095,2020-12-25,United Kingdom,42185,2271393,574,69625,-0.07614646752222853,3.0652995760751223
2020-12-26,118096,118096,2020-12-26,United Kingdom,31812,2303205,570,70195,-0.24589308996088655,3.0477096046595937
2020-12-27,118097,118097,2020-12-27,United Kingdom,14181,2317386,210,70405,-0.5542248208223313,3.0381214005780652
2020-12-28,118098,118098,2020-12-28,United Kingdom,40367,2357753,347,70752,1.8465552499823707,3.0008232414506524
2020-12-29,118099,118099,2020-12-29,United Kingdom,47725,2405478,357,71109,0.18227760299254347,2.9561276386647477
2020-12-30,118100,118100,2020-12-30,United Kingdom,45604,2451082,458,71567,-0.04444211629125194,2.919812556250668
2020-12-31,118101,118101,2020-12-31,United Kingdom,81519,2532601,981,72548,0.7875405666169635,2.864564927519179
2021-01-01,118102,118102,2021-01-01,United Kingdom,70797,2603398,964,73512,-0.13152761932800938,2.823694264188572
2021-01-02,118103,118103,2021-01-02,United Kingdom,52783,2656181,613,74125,-0.25444580985069987,2.7906607268104096
2021-01-03,118104,118104,2021-01-03,United Kingdom,31840,2688021,445,74570,-0.3967754769528068,2.774159874495028
2021-01-04,118105,118105,2021-01-04,United Kingdom,60392,2748413,454,75024,0.8967336683417086,2.7297207515755457
2021-01-05,118106,118106,2021-01-05,United Kingdom,55175,2803588,407,75431,-0.08638561398860778,2.6905165808956237
2021-01-06,118107,118107,2021-01-06,United Kingdom,76158,2879746,874,76305,0.3802990484821025,2.6497128566199937
2021-01-07,118108,118108,2021-01-07,United Kingdom,65092,2944838,1041,77346,-0.14530318548281207,2.62649422480965
2021-01-08,118109,118109,2021-01-08,United Kingdom,57380,3002218,1162,78508,-0.1184784612548393,2.614999976683905
2021-01-09,118110,118110,2021-01-09,United Kingdom,51927,3054145,1325,79833,-0.09503311258278146,2.613923045565944
2021-01-10,118111,118111,2021-01-10,United Kingdom,46999,3101144,1035,80868,-0.09490245922159957,2.6076828422027485
2021-01-11,118112,118112,2021-01-11,United Kingdom,39080,3140224,563,81431,-0.1684929466584395,2.593158959360861
2021-01-12,118113,118113,2021-01-12,United Kingdom,36340,3176564,529,81960,-0.0701125895598772,2.580146346807431
2021-01-13,118114,118114,2021-01-13,United Kingdom,57100,3233664,1243,83203,0.5712713263621354,2.573025521513676
2021-01-14,118115,118115,2021-01-14,United Kingdom,49366,3283030,1564,84767,-0.13544658493870398,2.581974578362062
2021-01-15,118116,118116,2021-01-15,United Kingdom,45375,3328405,1248,86015,-0.08084511607179035,2.58427084444351
2021-01-16,118117,118117,2021-01-16,United Kingdom,42361,3370766,1280,87295,-0.06642424242424239,2.5897674297177558
2021-01-17,118118,118118,2021-01-17,United Kingdom,40395,3411161,1295,88590,-0.04641061353603548,2.5970629940949723
2021-01-18,118119,118119,2021-01-18,United Kingdom,30521,3441682,671,89261,-0.2444361925980938,2.5935283968710645
2021-01-19,118120,118120,2021-01-19,United Kingdom,28835,3470517,599,89860,-0.055240653975951015,2.5892395859176025
2021-01-20,118121,118121,2021-01-20,United Kingdom,44762,3515279,1610,91470,0.5523495751690655,2.6020694232235906
2021-01-21,118122,118122,2021-01-21,United Kingdom,39463,3554742,1820,93290,-0.11838166301773823,2.6243817413471917
2021-01-22,118123,118123,2021-01-22,United Kingdom,35084,3589826,1290,94580,-0.1109647011124344,2.6346680869769172
2021-01-23,118124,118124,2021-01-23,United Kingdom,31656,3621482,1401,95981,-0.09770835708585113,2.650323817707778
2021-01-24,118125,118125,2021-01-24,United Kingdom,29524,3651006,1348,97329,-0.06734900176901693,2.6658132032650728
2021-01-25,118126,118126,2021-01-25,United Kingdom,21826,3672832,610,97939,-0.2607370275030484,2.6665799034641386
2021-01-26,118127,118127,2021-01-26,United Kingdom,17167,3689999,592,98531,-0.21346100980481997,2.6702175258042073
2021-01-27,118128,118128,2021-01-27,United Kingdom,29892,3719891,1631,100162,0.7412477427622766,2.6926057779649994
2021-01-28,118129,118129,2021-01-28,United Kingdom,26960,3746851,1725,101887,-0.09808644453365445,2.719270128435852
2021-01-29,118130,118130,2021-01-29,United Kingdom,25669,3772520,1239,103126,-0.04788575667655781,2.733610424861896
2021-01-30,118131,118131,2021-01-30,United Kingdom,24135,3796655,1223,104349,-0.05976080096614589,2.748445671255355
2021-01-31,118132,118132,2021-01-31,United Kingdom,21768,3818423,1222,105571,-0.09807333747669356,2.7647801199605175
2021-02-01,118133,118133,2021-02-01,United Kingdom,16659,3835082,587,106158,-0.2347023153252481,2.768076406188968
2021-02-02,118134,118134,2021-02-02,United Kingdom,15367,3850449,406,106564,-0.07755567561078092,2.767573340148123
2021-02-03,118135,118135,2021-02-03,United Kingdom,22328,3872777,1449,108013,0.4529836662979112,2.7890322628955913
2021-02-04,118136,118136,2021-02-04,United Kingdom,19757,3892534,1322,109335,-0.11514690075241851,2.8088386639654273
2021-02-05,118137,118137,2021-02-05,United Kingdom,19387,3911921,915,110250,-0.018727539606215537,2.818308447435416
2021-02-06,118138,118138,2021-02-06,United Kingdom,17951,3929872,1014,111264,-0.0740702532624955,2.8312372514931785
2021-02-07,118139,118139,2021-02-07,United Kingdom,15838,3945710,828,112092,-0.11770931981505206,2.8408575389473634
2021-02-08,118140,118140,2021-02-08,United Kingdom,11946,3957656,373,112465,-0.24573809824472792,2.8417073136220026
2021-02-09,118141,118141,2021-02-09,United Kingdom,11355,3969011,333,112798,-0.04947262682069309,2.8419674321890263
2021-02-10,118142,118142,2021-02-10,United Kingdom,15682,3984693,1052,113850,0.38106560986349636,2.8571837278304755
2021-02-11,118143,118143,2021-02-11,United Kingdom,13792,3998485,1001,114851,-0.12052034179313864,2.872362907451197
2021-02-12,118144,118144,2021-02-12,United Kingdom,13476,4011961,678,115529,-0.02291183294663568,2.8796142335381627
2021-02-13,118145,118145,2021-02-13,United Kingdom,12732,4024693,758,116287,-0.05520926090828138,2.8893383917729873
2021-02-14,118146,118146,2021-02-14,United Kingdom,12145,4036838,621,116908,-0.04610430411561417,2.8960290207335544
2021-02-15,118147,118147,2021-02-15,United Kingdom,8751,4045589,258,117166,-0.2794565664882668,2.8961419462036306
2021-02-16,118148,118148,2021-02-16,United Kingdom,8752,4054341,230,117396,0.00011427265455377089,2.8955630520471765
2021-02-17,118149,118149,2021-02-17,United Kingdom,14241,4068582,799,118195,0.6271709323583181,2.905066187679147
2021-02-18,118150,118150,2021-02-18,United Kingdom,12467,4081049,738,118933,-0.12456990379889055,2.9142752267860543
2021-02-19,118151,118151,2021-02-19,United Kingdom,11555,4092604,454,119387,-0.07315312424801479,2.9171402852560377
2021-02-20,118152,118152,2021-02-20,United Kingdom,11391,4103995,533,119920,-0.014192990047598442,2.9220308504274493
2021-02-21,118153,118153,2021-02-21,United Kingdom,10376,4114371,445,120365,-0.08910543411465188,2.925477551732695
2021-02-22,118154,118154,2021-02-22,United Kingdom,8050,4122421,215,120580,-0.22417116422513494,2.9249802482570315
2021-02-23,118155,118155,2021-02-23,United Kingdom,7866,4130287,177,120757,-0.02285714285714291,2.9236951330500762
2021-02-24,118156,118156,2021-02-24,United Kingdom,11230,4141517,548,121305,0.42766336130180527,2.9289992048807236
2021-02-25,118157,118157,2021-02-25,United Kingdom,9376,4150893,442,121747,-0.16509349955476404,2.933031518759939
2021-02-26,118158,118158,2021-02-26,United Kingdom,8526,4159419,323,122070,-0.09065699658703075,2.934784882215521
2021-02-27,118159,118159,2021-02-27,United Kingdom,7705,4167124,345,122415,-0.09629368988974896,2.9376375649008764
2021-02-28,118160,118160,2021-02-28,United Kingdom,6567,4173691,290,122705,-0.14769630110317977,2.939963691610136
2021-03-01,118161,118161,2021-03-01,United Kingdom,4814,4178505,144,122849,-0.2669407644282016,2.940022807200183
2021-03-02,118162,118162,2021-03-02,United Kingdom,4710,4183215,104,122953,-0.02160365600332359,2.939198678528357
2021-03-03,118163,118163,2021-03-03,United Kingdom,6866,4190081,343,123296,0.45774946921443727,2.942568413355255
2021-03-04,118164,118164,2021-03-04,United Kingdom,6648,4196729,487,123783,-0.031750655403437245,2.9495113932779553
2021-03-05,118165,118165,2021-03-05,United Kingdom,5963,4202692,242,124025,-0.10303850782190127,2.951084685720486
2021-03-06,118166,118166,2021-03-06,United Kingdom,5719,4208411,236,124261,-0.04091900050310249,2.95268214059891
2021-03-07,118167,118167,2021-03-07,United Kingdom,5294,4213705,158,124419,-0.07431369120475606,2.9527221293374835
2021-03-08,118168,118168,2021-03-08,United Kingdom,4485,4218190,82,124501,-0.1528145069890442,2.9515266026423657
2021-03-09,118169,118169,2021-03-09,United Kingdom,4267,4222457,65,124566,-0.0486064659977703,2.950083328261247
2021-03-10,118170,118170,2021-03-10,United Kingdom,6626,4229083,231,124797,0.5528474337942348,2.950923403489598
2021-03-11,118171,118171,2021-03-11,United Kingdom,6213,4235296,190,124987,-0.06233021430727437,2.951080632853052
2021-03-12,118172,118172,2021-03-12,United Kingdom,6013,4241309,181,125168,-0.032190568163528055,2.9511643693020244
2021-03-13,118173,118173,2021-03-13,United Kingdom,5759,4247068,175,125343,-0.04224180941293865,2.9512830969506494
2021-03-14,118174,118174,2021-03-14,United Kingdom,5582,4252650,121,125464,-0.03073450251779819,2.9502545471647093
2021-03-15,118175,118175,2021-03-15,United Kingdom,4243,4256893,52,125516,-0.23987817986384807,2.94853546941396
2021-03-16,118176,118176,2021-03-16,United Kingdom,4284,4261177,64,125580,0.009662974310629346,2.947073073941777
2021-03-17,118177,118177,2021-03-17,United Kingdom,6483,4267660,110,125690,0.5133053221288515,2.945173701747562
2021-03-18,118178,118178,2021-03-18,United Kingdom,5662,4273322,141,125831,-0.12663890174302017,2.9445709918419443
2021-03-19,118179,118179,2021-03-19,United Kingdom,5767,4279089,95,125926,0.018544683857294242,2.942822642856926
2021-03-20,118180,118180,2021-03-20,United Kingdom,5458,4284547,100,126026,-0.05358071787757934,2.941407808106668
2021-03-21,118181,118181,2021-03-21,United Kingdom,4980,4289527,96,126122,-0.08757786735067785,2.9402309392154424
2021-03-22,118182,118182,2021-03-22,United Kingdom,4086,4293613,33,126155,-0.17951807228915662,2.9382014634295173
2021-03-23,118183,118183,2021-03-23,United Kingdom,5219,4298832,17,126172,0.2772883015173764,2.935029794139431
2021-03-24,118184,118184,2021-03-24,United Kingdom,6171,4305003,112,126284,0.1824104234527688,2.933424204350148
2021-03-25,118185,118185,2021-03-25,United Kingdom,5244,4310247,98,126382,-0.15021876519202726,2.9321289475985948
2021-03-26,118186,118186,2021-03-26,United Kingdom,6004,4316251,63,126445,0.14492753623188404,2.929509891801936
2021-03-27,118187,118187,2021-03-27,United Kingdom,5386,4321637,70,126515,-0.1029313790806129,2.927478638303032
2021-03-28,118188,118188,2021-03-28,United Kingdom,4399,4326036,58,126573,-0.18325287783141475,2.9258425033910953
2021-03-29,118189,118189,2021-03-29,United Kingdom,3559,4329595,19,126592,-0.1909524892020914,2.923876251704836
2021-03-30,118190,118190,2021-03-30,United Kingdom,4795,4334390,23,126615,0.347288564203428,2.921172298754842
2021-03-31,118191,118191,2021-03-31,United Kingdom,3995,4338385,55,126670,-0.16684045881126175,2.919750091335831
2021-04-01,118192,118192,2021-04-01,United Kingdom,3583,4341968,43,126713,-0.10312891113892364,2.918331042513441
2021-04-02,118193,118193,2021-04-02,United Kingdom,3743,4345711,51,126764,0.04465531677365342,2.9169910286256955
2021-04-03,118194,118194,2021-04-03,United Kingdom,3460,4349171,52,126816,-0.07560780122896071,2.915866035159344
2021-04-04,118195,118195,2021-04-04,United Kingdom,2588,4351759,10,126826,-0.2520231213872832,2.914361755786568
2021-04-05,118196,118196,2021-04-05,United Kingdom,2338,4354097,10,126836,-0.09659969088098919,2.913026512730424
2021-04-06,118197,118197,2021-04-06,United Kingdom,2237,4356334,26,126862,-0.04319931565440549,2.9121274906836803
2021-04-07,118198,118198,2021-04-07,United Kingdom,2548,4358882,20,126882,0.13902548055431385,2.910884029436906
2021-04-08,118199,118199,2021-04-08,United Kingdom,3011,4361893,45,126927,0.18171114599686033,2.909906318197168
2021-04-09,118200,118200,2021-04-09,United Kingdom,2855,4364748,53,126980,-0.05181002989040184,2.9092172102490226
2021-04-10,118201,118201,2021-04-10,United Kingdom,2456,4367204,60,127040,-0.13975481611208407,2.9089550201914083
2021-04-11,118202,118202,2021-04-11,United Kingdom,845,4368049,40,127080,-0.6559446254071661,2.909308022872454
2021-04-12,118203,118203,2021-04-12,United Kingdom,1730,4369779,7,127087,1.0473372781065087,2.9083164160018162
2021-04-13,118204,118204,2021-04-13,United Kingdom,3568,4373347,13,127100,1.0624277456647397,2.906240917997131
2021-04-14,118205,118205,2021-04-14,United Kingdom,2471,4375818,23,127123,-0.3074551569506726,2.9051253959831054
2021-04-15,118206,118206,2021-04-15,United Kingdom,2491,4378309,38,127161,0.008093889113719221,2.9043404656912064
2021-04-16,118207,118207,2021-04-16,United Kingdom,2671,4380980,30,127191,0.07226013649136886,2.903254522960616
2021-04-17,118208,118208,2021-04-17,United Kingdom,2756,4383736,34,127225,0.031823287158367686,2.9022048773010054
2021-04-18,118209,118209,2021-04-18,United Kingdom,2206,4385942,35,127260,-0.19956458635703922,2.9015431576614557
2021-04-19,118210,118210,2021-04-19,United Kingdom,1882,4387824,10,127270,-0.1468721668177697,2.9005265480110416
2021-04-20,118211,118211,2021-04-20,United Kingdom,2963,4390787,4,127274,0.5743889479277364,2.8986603085050584
2021-04-21,118212,118212,2021-04-21,United Kingdom,2524,4393311,33,127307,-0.1481606479919001,2.8977461418051216
2021-04-22,118213,118213,2021-04-22,United Kingdom,2396,4395707,20,127327,-0.05071315372424723,2.896621635609471
2021-04-23,118214,118214,2021-04-23,United Kingdom,2728,4398435,18,127345,0.1385642737896493,2.8952343276642716
2021-04-24,118215,118215,2021-04-24,United Kingdom,2678,4401113,40,127385,-0.01832844574780057,2.8943814894096107
2021-04-25,118216,118216,2021-04-25,United Kingdom,2061,4403174,32,127417,-0.2303958177744585,2.893753460571851
2021-04-26,118217,118217,2021-04-26,United Kingdom,1712,4404886,11,127428,-0.1693352741387676,2.8928784990122334
2021-04-27,118218,118218,2021-04-27,United Kingdom,2064,4406950,6,127434,0.20560747663551404,2.891659764689865
2021-04-28,118219,118219,2021-04-28,United Kingdom,2685,4409635,17,127451,0.3008720930232558,2.8902845700381095
2021-04-29,118220,118220,2021-04-29,United Kingdom,2166,4411801,29,127480,-0.19329608938547482,2.8895228955249794
2021-04-30,118221,118221,2021-04-30,United Kingdom,2445,4414246,22,127502,0.12880886426592797,2.8884208084461083
2021-05-01,118222,118222,2021-05-01,United Kingdom,2381,4416627,15,127517,-0.026175869120654394,2.8872032888446317
2021-05-02,118223,118223,2021-05-02,United Kingdom,1907,4418534,7,127524,-0.1990760184796304,2.886115621153985
2021-05-03,118224,118224,2021-05-03,United Kingdom,1671,4420205,14,127538,-0.12375458835867859,2.885341290731991
2021-05-04,118225,118225,2021-05-04,United Kingdom,1649,4421854,1,127539,-0.013165769000598404,2.884287902766577
2021-05-05,118226,118226,2021-05-05,United Kingdom,1946,4423800,4,127543,0.18010915706488784,2.8831095438310954
2021-05-06,118227,118227,2021-05-06,United Kingdom,2144,4425944,27,127570,0.10174717368961983,2.8823229575430687
2021-05-07,118228,118228,2021-05-07,United Kingdom,2613,4428557,13,127583,0.21875,2.8809158378225685
2021-05-08,118229,118229,2021-05-08,United Kingdom,2490,4431047,15,127598,-0.04707233065442018,2.879635445076525
2021-05-09,118230,118230,2021-05-09,United Kingdom,2047,4433094,5,127603,-0.1779116465863454,2.8784185492119048
2021-05-10,118231,118231,2021-05-10,United Kingdom,1770,4434864,2,127605,-0.13531998045920857,2.8773148398688213
2021-05-11,118232,118232,2021-05-11,United Kingdom,2357,4437221,4,127609,0.3316384180790961,2.8758765903253414
2021-05-12,118233,118233,2021-05-12,United Kingdom,2474,4439695,20,127629,0.0496393720831565,2.874724502471454
2021-05-13,118234,118234,2021-05-13,United Kingdom,2284,4441979,11,127640,-0.07679870654810028,2.873493998958572
2021-05-14,118235,118235,2021-05-14,United Kingdom,2656,4444635,11,127651,0.16287215411558664,2.8720243619554813
2021-05-15,118236,118236,2021-05-15,United Kingdom,2193,4446828,17,127668,-0.1743222891566265,2.8709902879085947
2021-05-16,118237,118237,2021-05-16,United Kingdom,1156,4447984,7,127675,-0.4728682170542635,2.8704015122356554
2021-05-19,118240,118240,2021-05-19,United Kingdom,2412,4450396,7,127691,inf,2.869205347119672
2021-05-20,118241,118241,2021-05-20,United Kingdom,2135,4452531,3,127694,-0.1148424543946932,2.8678969332274162
2021-05-21,118242,118242,2021-05-21,United Kingdom,2694,4455225,7,127701,0.26182669789227164,2.8663198828342002
2021-05-22,118243,118243,2021-05-22,United Kingdom,2702,4457927,9,127710,0.0029695619896066283,2.8647844614772744
2021-05-23,118244,118244,2021-05-23,United Kingdom,2523,4460450,6,127716,-0.06624722427831231,2.8632985461108182
2021-05-24,118245,118245,2021-05-24,United Kingdom,2092,4462542,5,127721,-0.17082837891399127,2.862068300981817
2021-05-25,118246,118246,2021-05-25,United Kingdom,2362,4464904,3,127724,0.1290630975143403,2.860621415376456
2021-05-26,118247,118247,2021-05-26,United Kingdom,2410,4467314,15,127739,0.020321761219305623,2.8594139565743535
2021-05-27,118248,118248,2021-05-27,United Kingdom,2987,4470301,9,127748,0.2394190871369295,2.857704660155994
2021-05-28,118249,118249,2021-05-28,United Kingdom,3380,4473681,10,127758,0.13157013726146638,2.8557691082578307
2021-05-29,118250,118250,2021-05-29,United Kingdom,4028,4477709,10,127768,0.19171597633136095,2.853423480623685
2021-05-30,118251,118251,2021-05-30,United Kingdom,3240,4480949,7,127775,-0.19563058589870908,2.851516497956125
2021-05-31,118252,118252,2021-05-31,United Kingdom,3111,4484060,6,127781,-0.03981481481481486,2.8496719490818587
2021-06-01,118253,118253,2021-06-01,United Kingdom,3283,4487343,1,127782,0.0552876888460303,2.8476093759714822
2021-06-02,118254,118254,2021-06-02,United Kingdom,3099,4490442,0,127782,-0.05604629911666159,2.8456441481707144
2021-06-03,118255,118255,2021-06-03,United Kingdom,4261,4494703,12,127794,0.3749596644078734,2.843213444803806
2021-06-04,118256,118256,2021-06-04,United Kingdom,5179,4499882,18,127812,0.21544238441680363,2.8403411467234028
2021-06-05,118257,118257,2021-06-05,United Kingdom,6140,4506022,11,127823,0.18555705734697825,2.836714956118723
2021-06-06,118258,118258,2021-06-06,United Kingdom,5651,4511673,13,127836,-0.07964169381107489,2.83345003062057
2021-06-07,118259,118259,2021-06-07,United Kingdom,5223,4516896,4,127840,-0.075738807290745,2.830262197757044
2021-06-08,118260,118260,2021-06-08,United Kingdom,5584,4522480,1,127841,0.06911736549875558,2.8267897259910493
2021-06-09,118261,118261,2021-06-09,United Kingdom,5966,4528446,13,127854,0.06840974212034379,2.8233526468020154
2021-06-10,118262,118262,2021-06-10,United Kingdom,7312,4535758,6,127860,0.2256118002011398,2.8189334616176613
2021-06-11,118263,118263,2021-06-11,United Kingdom,7232,4542990,7,127867,-0.01094091903719907,2.8146000761612946
2021-06-12,118264,118264,2021-06-12,United Kingdom,7958,4550948,17,127884,0.10038716814159288,2.810051883695441
2021-06-13,118265,118265,2021-06-13,United Kingdom,7550,4558498,12,127896,-0.051269163106308135,2.8056609874568332
2021-06-14,118266,118266,2021-06-14,United Kingdom,7319,4565817,8,127904,-0.030596026490066208,2.801338730833934
2021-06-15,118267,118267,2021-06-15,United Kingdom,7606,4573423,3,127907,0.03921300724142651,2.7967454573959154
2021-06-16,118268,118268,2021-06-16,United Kingdom,7587,4581010,10,127917,-0.0024980278727320115,2.792331822021781
2021-06-17,118269,118269,2021-06-17,United Kingdom,8808,4589818,9,127926,0.16093317516805072,2.787169338740665
2021-06-18,118270,118270,2021-06-18,United Kingdom,10809,4600627,19,127945,0.22717983651226148,2.781033976455818
2021-06-19,118271,118271,2021-06-19,United Kingdom,10270,4610897,11,127956,-0.04986585253029885,2.7750782548384834
2021-06-20,118272,118272,2021-06-20,United Kingdom,10075,4620972,14,127970,-0.01898734177215189,2.7693307814892627
2021-06-21,118273,118273,2021-06-21,United Kingdom,9072,4630044,6,127976,-0.09955334987593056,2.7640342078822577
2021-06-22,118274,118274,2021-06-22,United Kingdom,10467,4640511,5,127981,0.15376984126984117,2.7579074804477353
2021-06-23,118275,118275,2021-06-23,United Kingdom,11481,4651992,27,128008,0.0968758956721123,2.7516814302346178
2021-06-24,118276,118276,2021-06-24,United Kingdom,15882,4667874,19,128027,0.38332897831199375,2.742726131853602
2021-06-25,118277,118277,2021-06-25,United Kingdom,16702,4684576,21,128048,0.05163077698022911,2.733395722473069
2021-06-26,118278,118278,2021-06-26,United Kingdom,15296,4699872,18,128066,-0.08418153514549154,2.7248827202102524
2021-06-27,118279,118279,2021-06-27,United Kingdom,17943,4717815,23,128089,0.17305177824267792,2.715006841090632
2021-06-28,118280,118280,2021-06-28,United Kingdom,14623,4732438,11,128100,-0.18503037396199074,2.7068500421981225
2021-06-29,118281,118281,2021-06-29,United Kingdom,22644,4755082,3,128103,0.548519455652055,2.6940229421911126
2021-06-30,118282,118282,2021-06-30,United Kingdom,20223,4775305,23,128126,-0.10691573926868048,2.683095634729091
2021-07-01,118283,118283,2021-07-01,United Kingdom,25606,4800911,14,128140,0.2661820699203876,2.6690767648056797
2021-07-02,118284,118284,2021-07-02,United Kingdom,27556,4828467,22,128162,0.07615402640006241,2.654300008677702
2021-07-03,118285,118285,2021-07-03,United Kingdom,26706,4855173,27,128189,-0.030846276672956918,2.6402560732645366
2021-07-04,118286,118286,2021-07-04,United Kingdom,24447,4879620,18,128207,-0.08458773309368683,2.6273972153569334
2021-07-05,118287,118287,2021-07-05,United Kingdom,23818,4903438,15,128222,-0.025729128318403127,2.6149407823653528
2021-07-06,118288,118288,2021-07-06,United Kingdom,27100,4930538,9,128231,0.13779494499958012,2.600750668588296
2021-07-07,118289,118289,2021-07-07,United Kingdom,28334,4958872,37,128268,0.04553505535055358,2.586636638332266
2021-07-08,118290,118290,2021-07-08,United Kingdom,32048,4990920,33,128301,0.13107926872308884,2.5706883700800653
2021-07-09,118291,118291,2021-07-09,United Kingdom,31977,5022897,35,128336,-0.0022154268597104343,2.5550195435024845
2021-07-10,118292,118292,2021-07-10,United Kingdom,35200,5058097,29,128365,0.10079119367045064,2.5378121455559275
2021-07-11,118293,118293,2021-07-11,United Kingdom,31800,5089897,34,128399,-0.09659090909090906,2.522624721089641
2021-07-12,118294,118294,2021-07-12,United Kingdom,31352,5121249,26,128425,-0.014088050314465361,2.5076890422629323
2021-07-13,118295,118295,2021-07-13,United Kingdom,33998,5155247,6,128431,0.08439652972697109,2.491267634703051
